n,Screen,VariantID,% change to PPIF expression,95% confidence interval,corrected p value,Enformer CAGE,Enformer DNase,ProCapNet PRO-cap,ChromBPNet ATAC,Enformer CAGE TSS,Enformer DNase TSS 
1,PPIF Enhancer Tiling Mutagenesis,chr10:81046461:GGACA>TTGGG,32.695934,3.86892389,2.49E-05,43.51,6.40,-4.12,39.86,-0.17,-0.15
2,PPIF Enhancer Tiling Mutagenesis,chr10:81046396:GGCAG>TCGGT,16.2904245,9.50743613,0.02894502,-1.90,-2.48,0.90,-4.33,-0.04,0.06
3,PPIF Enhancer Tiling Mutagenesis,chr10:81046541:CCTGT>GGGAA,15.0758331,1.76056899,2.49E-05,21.42,17.82,12.67,68.24,-0.26,0.02
4,PPIF Enhancer Tiling Mutagenesis,chr10:81046416:GGGAA>CAGTC,12.7380957,2.60485222,0.00046186,20.38,5.43,4.60,11.56,-0.10,-0.09
5,PPIF Enhancer Tiling Mutagenesis,chr10:81046551:GTCCT>GAGGC,12.4153935,9.67210451,0.07547722,11.11,5.21,4.18,13.98,-0.22,-0.01
6,PPIF Enhancer Tiling Mutagenesis,chr10:81046441:CACCA>GAGGC,10.5459319,1.55610071,6.29E-05,17.40,2.50,8.81,17.20,0.05,-0.09
7,PPIF Enhancer Tiling Mutagenesis,chr10:81046406:TGGCC>GCAGC,8.24308308,2.53246337,0.00229345,7.79,-0.27,1.10,2.78,-0.17,-0.05
8,PPIF Enhancer Tiling Mutagenesis,chr10:81046541:CCTGT>GAGGC,7.80362146,2.09139492,0.00143352,20.31,5.05,18.69,55.25,-0.18,-0.12
9,PPIF Enhancer Tiling Mutagenesis,chr10:81046396:GGCAG>AACCC,7.03495163,3.72340244,0.01994483,-5.41,-1.29,1.15,-1.69,-0.06,0.03
10,PPIF Enhancer Tiling Mutagenesis,chr10:81046426:GTTAG>AGCCA,6.39787543,3.39626721,0.01994483,-4.14,0.03,-0.93,3.65,0.06,0.04
11,PPIF Enhancer Tiling Mutagenesis,chr10:81046401:TGGGA>CCCTT,6.35350826,5.9445909,0.13307819,5.36,4.03,4.62,5.22,-0.15,0.01
12,PPIF Enhancer Tiling Mutagenesis,chr10:81046476:GAGCT>TTGGG,6.04041643,3.27190178,0.02142869,52.07,9.73,11.97,80.56,-0.62,-0.39
13,PPIF Enhancer Tiling Mutagenesis,chr10:81046386:CTTCC>AGCCA,5.78218389,2.4647062,0.00938402,-3.20,0.97,-0.46,0.75,-0.06,0.00
14,PPIF Enhancer Tiling Mutagenesis,chr10:81046546:GTAGC>GGGAA,5.33738202,3.20231292,0.03059187,-10.51,6.75,-4.57,16.68,-0.06,-0.05
15,PPIF Enhancer Tiling Mutagenesis,chr10:81046431:CTTTG>GCAGC,5.08342669,3.79901286,0.06586447,0.46,0.43,4.66,5.89,0.09,0.00
16,PPIF Enhancer Tiling Mutagenesis,chr10:81046381:CAAAC>TCGGT,4.91741902,3.23424183,0.04188267,2.63,-1.08,8.10,2.25,0.03,-0.02
17,PPIF Enhancer Tiling Mutagenesis,chr10:81046401:TGGGA>GCAGC,4.69438507,1.9378768,0.008615,-0.57,5.12,3.14,10.38,-0.11,-0.04
18,PPIF Enhancer Tiling Mutagenesis,chr10:81046516:GGGCA>CAGTC,4.5651837,1.04452222,0.00063968,3.58,2.37,4.79,-4.11,-0.02,0.08
19,PPIF Enhancer Tiling Mutagenesis,chr10:81046461:GGACA>TCGGT,4.41418771,10.8410807,0.57407318,-14.97,-8.30,0.72,-16.09,-0.23,-0.24
20,PPIF Enhancer Tiling Mutagenesis,chr10:81046461:GGACA>CTCAG,3.89756188,5.58056004,0.31204531,3.16,2.45,7.76,33.07,-0.09,-0.06
21,PPIF Enhancer Tiling Mutagenesis,chr10:81046531:TGTTC>AGCCA,3.83154449,1.78446795,0.01262452,-22.18,4.53,-2.14,14.36,0.05,-0.02
22,PPIF Enhancer Tiling Mutagenesis,chr10:81046546:GTAGC>CAGTC,3.32549792,3.721686,0.18597349,-12.64,9.70,3.42,6.07,-0.06,0.13
23,PPIF Enhancer Tiling Mutagenesis,chr10:81046451:GGGGC>AACCC,2.90424339,4.58464294,0.366591,11.72,4.12,3.22,16.46,-0.17,-0.10
24,PPIF Enhancer Tiling Mutagenesis,chr10:81046506:CGGAG>AGCCA,2.74747163,1.32795626,0.01437113,-12.37,0.04,-3.33,2.82,0.13,0.15
25,PPIF Enhancer Tiling Mutagenesis,chr10:81046391:AGCCA>TTGGG,2.50667716,1.23697401,1.55E-02,-10.55,-1.75,-2.74,-5.57,-0.07,0.01
26,PPIF Enhancer Tiling Mutagenesis,chr10:81046521:GTTGG>CGCCG,2.20421413,2.14994054,0.13695075,-35.09,-5.54,10.09,4.91,0.53,-0.57
27,PPIF Enhancer Tiling Mutagenesis,chr10:81046411:AGTTT>GCAGC,2.14498214,5.54101845,0.58648642,12.18,3.45,12.70,14.36,-0.28,0.01
28,PPIF Enhancer Tiling Mutagenesis,chr10:81046386:CTTCC>GGGAA,2.06096715,1.46121106,0.0547134,0.90,-0.58,7.55,2.88,-0.08,-0.02
29,PPIF Enhancer Tiling Mutagenesis,chr10:81046426:GTTAG>CAGTC,1.86039947,3.15385385,0.40555417,-8.64,-2.04,-0.10,-0.05,0.16,-0.01
30,PPIF Enhancer Tiling Mutagenesis,chr10:81046386:CTTCC>GCAGC,1.753598,1.67095083,1.33E-01,-1.61,0.14,2.42,2.27,-0.07,-0.02
31,PPIF Enhancer Tiling Mutagenesis,chr10:81046401:TGGGA>AACCC,1.64870891,1.72584829,0.16330241,-3.52,2.28,3.30,1.96,-0.10,0.01
32,PPIF Enhancer Tiling Mutagenesis,chr10:81046551:GTCCT>CAGTC,1.41681949,7.48362416,0.79452595,1.68,3.26,3.13,3.75,-0.07,-0.02
33,PPIF Enhancer Tiling Mutagenesis,chr10:81046441:CACCA>TCGGT,1.38011765,1.73248265,0.24115119,17.80,1.59,14.94,13.01,-0.05,-0.03
34,PPIF Enhancer Tiling Mutagenesis,chr10:81046381:CAAAC>CGCCG,1.34482255,2.93074352,0.52048671,-2.20,2.90,13.02,15.65,-0.13,0.08
35,PPIF Enhancer Tiling Mutagenesis,chr10:81046506:CGGAG>GTGCA,1.02255592,2.19023675,0.52048671,-10.83,-0.70,-5.34,-8.30,0.13,0.10
36,PPIF Enhancer Tiling Mutagenesis,chr10:81046411:AGTTT>AACCC,0.91829804,1.98107957,0.52048671,8.53,2.62,6.98,11.15,-0.12,0.09
37,PPIF Enhancer Tiling Mutagenesis,chr10:81046391:AGCCA>TCGGT,0.81807063,1.55963266,0.46022259,-3.63,-0.12,-0.84,-1.04,-0.08,0.01
38,PPIF Enhancer Tiling Mutagenesis,chr10:81046381:CAAAC>CCCTT,0.74617462,1.69666344,0.53802401,4.17,0.38,2.78,1.31,-0.03,0.05
39,PPIF Enhancer Tiling Mutagenesis,chr10:81046456:AGAGG>GTGCA,0.70827804,4.82042475,0.83267608,8.18,1.83,8.33,15.89,-0.30,-0.04
40,PPIF Enhancer Tiling Mutagenesis,chr10:81046541:CCTGT>GTGCA,0.68420467,1.86536644,0.59947567,-10.74,-3.71,-0.44,-2.78,-0.20,0.04
41,PPIF Enhancer Tiling Mutagenesis,chr10:81046441:CACCA>GGGAA,0.64839713,2.8644968,0.77487776,9.01,-1.78,7.39,-3.06,0.24,-0.03
42,PPIF Enhancer Tiling Mutagenesis,chr10:81046481:GGTTT>GAGGC,0.53714706,5.91289278,0.90047878,-18.19,-9.81,-1.94,-4.65,0.67,-0.01
43,PPIF Enhancer Tiling Mutagenesis,chr10:81046501:ACCCA>CAGTC,0.38707158,1.97460906,0.79316428,-17.34,-9.00,10.73,0.83,0.59,-0.04
44,PPIF Enhancer Tiling Mutagenesis,chr10:81046501:ACCCA>GCAGC,0.3777707,1.90766535,0.79316428,-24.80,-3.98,12.87,5.48,0.08,0.04
45,PPIF Enhancer Tiling Mutagenesis,chr10:81046451:GGGGC>CCCTT,0.22689841,11.9462002,0.974075,13.05,3.90,0.05,3.83,0.03,-0.01
46,PPIF Enhancer Tiling Mutagenesis,chr10:81046406:TGGCC>CCCTT,0.17157633,3.09927491,9.36E-01,-6.41,-3.08,1.73,-7.71,-0.13,0.06
47,PPIF Enhancer Tiling Mutagenesis,chr10:81046536:GTGGG>CGCCG,0.08833262,5.14097739,0.974075,29.70,8.62,17.17,24.55,-0.30,-0.05
48,PPIF Enhancer Tiling Mutagenesis,chr10:81046516:GGGCA>GCAGC,-0.172579,1.16335866,0.83267608,-8.49,-1.44,2.73,-6.25,-0.11,0.04
49,PPIF Enhancer Tiling Mutagenesis,chr10:81046411:AGTTT>GGGAA,-0.2672857,1.9799433,8.42E-01,11.05,1.71,12.05,5.38,-0.16,0.01
50,PPIF Enhancer Tiling Mutagenesis,chr10:81046391:AGCCA>CCCTT,-0.5787738,3.24090558,0.80209239,-4.86,1.51,-3.62,0.59,-0.04,0.05
51,PPIF Enhancer Tiling Mutagenesis,chr10:81046446:AGTTT>TTGGG,-0.7000901,8.27455684,0.90054574,14.84,-4.01,-2.65,7.20,0.19,-0.09
52,PPIF Enhancer Tiling Mutagenesis,chr10:81046526:GAGCT>CTCAG,-0.7869004,2.02236541,5.86E-01,4.07,3.62,1.94,6.42,-0.10,0.04
53,PPIF Enhancer Tiling Mutagenesis,chr10:81046536:GTGGG>CAGTC,-0.8545013,3.82053412,0.77487776,-5.94,-1.95,-0.50,0.83,0.16,-0.06
54,PPIF Enhancer Tiling Mutagenesis,chr10:81046536:GTGGG>AACCC,-0.9790754,4.46084541,0.77487776,-0.63,3.84,-6.49,7.24,-0.21,0.02
55,PPIF Enhancer Tiling Mutagenesis,chr10:81046501:ACCCA>GGGAA,-1.3208233,0.89397523,0.04624515,-25.63,-10.34,14.12,3.13,0.51,-0.06
56,PPIF Enhancer Tiling Mutagenesis,chr10:81046416:GGGAA>CGCCG,-1.5867978,4.2990142,0.59947567,2.02,5.78,12.49,13.92,-0.22,-0.01
57,PPIF Enhancer Tiling Mutagenesis,chr10:81046546:GTAGC>CCCTT,-1.9897792,1.93831739,0.13695075,-16.56,-1.97,-7.86,3.50,0.19,0.00
58,PPIF Enhancer Tiling Mutagenesis,chr10:81046416:GGGAA>AACCC,-1.9975901,1.90377116,0.13307819,13.59,4.30,0.82,7.77,-0.15,0.02
59,PPIF Enhancer Tiling Mutagenesis,chr10:81046491:CACAA>TTGGG,-2.5122299,7.77484634,0.65331418,-40.71,-17.66,-7.52,-37.02,0.49,0.08
60,PPIF Enhancer Tiling Mutagenesis,chr10:81046406:TGGCC>CTCAG,-2.6314867,4.61053943,4.20E-01,-3.02,0.76,1.71,-2.56,-0.24,-0.02
61,PPIF Enhancer Tiling Mutagenesis,chr10:81046421:CGTTG>AACCC,-2.8248267,1.78936038,0.03641321,1.25,7.09,10.37,-0.89,-0.04,0.05
62,PPIF Enhancer Tiling Mutagenesis,chr10:81046511:CTGCA>GAGGC,-2.8259566,9.36141598,0.67617105,47.32,5.56,21.61,22.29,-0.11,-0.05
63,PPIF Enhancer Tiling Mutagenesis,chr10:81046516:GGGCA>CCCTT,-3.0416544,0.85530153,0.00172611,-13.30,0.13,-5.83,-19.79,-0.19,0.12
64,PPIF Enhancer Tiling Mutagenesis,chr10:81046506:CGGAG>CCCTT,-3.501111,0.76198733,0.00052043,-6.27,-5.97,-0.56,-11.32,0.16,0.18
65,PPIF Enhancer Tiling Mutagenesis,chr10:81046531:TGTTC>CGCCG,-3.5672015,1.5987249,0.01134779,-12.81,-7.90,2.98,-9.87,-0.03,0.18
66,PPIF Enhancer Tiling Mutagenesis,chr10:81046436:CTTCT>TTGGG,-3.7123656,3.51151896,0.13307819,-19.58,-5.92,-3.76,-3.68,0.27,0.04
67,PPIF Enhancer Tiling Mutagenesis,chr10:81046491:CACAA>GCAGC,-3.7656503,3.97205273,0.16410708,-34.64,-5.64,2.76,-18.63,0.14,0.16
68,PPIF Enhancer Tiling Mutagenesis,chr10:81046491:CACAA>GAGGC,-3.9707679,1.43448083,0.00480875,-37.80,-7.64,2.45,-22.92,0.28,0.10
69,PPIF Enhancer Tiling Mutagenesis,chr10:81046531:TGTTC>CCCTT,-4.1335499,3.88620302,0.13307819,6.88,4.60,-4.26,3.49,-0.09,0.03
70,PPIF Enhancer Tiling Mutagenesis,chr10:81046446:AGTTT>TCGGT,-4.2631598,7.53398114,0.41965968,7.27,-0.74,-0.20,4.38,0.02,-0.02
71,PPIF Enhancer Tiling Mutagenesis,chr10:81046456:AGAGG>GAGGC,-4.4063242,4.3117903,0.13695075,26.51,6.72,24.27,27.92,-0.52,-0.07
72,PPIF Enhancer Tiling Mutagenesis,chr10:81046551:GTCCT>TCGGT,-4.7937087,2.63091207,0.02224997,-16.26,-17.18,-4.15,-12.69,0.09,0.07
73,PPIF Enhancer Tiling Mutagenesis,chr10:81046456:AGAGG>AACCC,-4.9427888,5.3700018,0.1748716,-4.08,4.30,11.88,14.27,-0.20,0.04
74,PPIF Enhancer Tiling Mutagenesis,chr10:81046426:GTTAG>CCCTT,-5.0593436,2.64399855,0.01950056,-13.17,-2.00,-2.72,-5.55,0.14,-0.04
75,PPIF Enhancer Tiling Mutagenesis,chr10:81046431:CTTTG>AACCC,-5.1681397,2.07923267,0.00806528,-14.84,-6.87,-0.59,-11.06,0.17,0.06
76,PPIF Enhancer Tiling Mutagenesis,chr10:81046521:GTTGG>TCGGT,-5.3628193,1.62802304,0.00227467,-39.08,-6.16,-6.45,-16.62,0.13,0.11
77,PPIF Enhancer Tiling Mutagenesis,chr10:81046496:GGCTC>CTCAG,-5.6572712,3.41485324,0.03073811,-34.12,-9.40,4.40,-10.51,0.27,0.12
78,PPIF Enhancer Tiling Mutagenesis,chr10:81046486:CCGCC>AGCCA,-5.9021971,2.44097439,0.008615,-55.63,-21.58,-17.40,-30.34,0.86,-0.07
79,PPIF Enhancer Tiling Mutagenesis,chr10:81046481:GGTTT>AACCC,-5.9967217,3.51812632,0.02894502,-38.67,-17.78,-2.85,-16.93,0.72,-0.05
80,PPIF Enhancer Tiling Mutagenesis,chr10:81046486:CCGCC>TTGGG,-6.0863278,2.85829862,0.01277287,-63.56,-34.67,-18.88,-42.48,1.13,-0.10
81,PPIF Enhancer Tiling Mutagenesis,chr10:81046511:CTGCA>CCCTT,-6.2937321,2.83630043,0.01134779,-5.57,-2.85,1.80,-6.86,0.16,-0.01
82,PPIF Enhancer Tiling Mutagenesis,chr10:81046496:GGCTC>TCGGT,-6.31197,1.6736751,0.00143352,-31.44,-10.94,5.68,-16.49,0.29,0.16
83,PPIF Enhancer Tiling Mutagenesis,chr10:81046421:CGTTG>TCGGT,-6.5489943,3.40835274,0.01950056,-7.98,-2.50,1.95,-5.26,0.08,-0.02
84,PPIF Enhancer Tiling Mutagenesis,chr10:81046526:GAGCT>AGCCA,-6.78732,2.20446666,0.00285228,-15.81,-7.47,-2.82,-6.42,0.13,0.10
85,PPIF Enhancer Tiling Mutagenesis,chr10:81046526:GAGCT>CGCCG,-7.0251497,2.25679116,0.0028274,2.59,0.93,12.47,6.01,-0.13,0.16
86,PPIF Enhancer Tiling Mutagenesis,chr10:81046496:GGCTC>TTGGG,-7.1211874,4.333548,0.03118317,-42.95,-20.22,-6.74,-31.16,0.65,0.05
87,PPIF Enhancer Tiling Mutagenesis,chr10:81046511:CTGCA>GCAGC,-7.4479149,5.85883104,0.07673353,-1.54,-1.88,6.99,-7.67,0.01,0.09
88,PPIF Enhancer Tiling Mutagenesis,chr10:81046466:AAACA>TCGGT,-7.7794735,3.31401136,0.00938402,-72.65,-50.03,-20.17,-53.56,1.31,-0.16
89,PPIF Enhancer Tiling Mutagenesis,chr10:81046436:CTTCT>GCAGC,-8.457703,3.20467539,0.0060252,-10.95,-1.19,1.56,12.00,0.21,-0.03
90,PPIF Enhancer Tiling Mutagenesis,chr10:81046466:AAACA>CCCTT,-8.470689,1.84244856,0.00052043,-73.84,-48.90,-22.99,-53.30,1.27,-0.15
91,PPIF Enhancer Tiling Mutagenesis,chr10:81046431:CTTTG>GTGCA,-9.571202,3.39556639,0.00455516,-26.93,-8.45,-2.58,-12.37,0.05,0.05
92,PPIF Enhancer Tiling Mutagenesis,chr10:81046521:GTTGG>GGGAA,-10.889873,1.35663613,2.49E-05,-20.71,1.15,1.80,0.84,-0.03,-0.12
93,PPIF Enhancer Tiling Mutagenesis,chr10:81046421:CGTTG>TTGGG,-11.040522,3.13097682,0.00172611,-15.55,-4.03,-0.87,-5.73,0.09,-0.01
94,PPIF Enhancer Tiling Mutagenesis,chr10:81046466:AAACA>GCAGC,-11.260653,5.22195119,0.01262452,-59.58,-34.97,-7.53,-38.52,1.09,-0.14
95,PPIF Enhancer Tiling Mutagenesis,chr10:81046436:CTTCT>AACCC,-12.989843,3.85394921,0.00211784,-24.91,-10.14,0.51,-5.98,0.23,0.06
96,PPIF Enhancer Tiling Mutagenesis,chr10:81046451:GGGGC>CTCAG,-17.152839,10.1799441,0.02979918,13.60,2.10,3.15,5.55,-0.05,-0.04
97,PPIF Enhancer Tiling Mutagenesis,chr10:81046471:GGAAG>CCCTT,-17.757256,7.68245832,0.00979486,-77.62,-50.25,-21.45,-52.51,1.19,-0.14
98,PPIF Enhancer Tiling Mutagenesis,chr10:81046471:GGAAG>AGCCA,-40.306247,4.9886856,2.49E-05,-76.94,-48.95,-19.47,-51.99,1.19,-0.28
99,PPIF Promoter Tiling Mutagenesis,chr10:81107031:CTGTT>AGCCA,-16.321408,8.44808998,0.0171292,0.27,0.80,-0.97,2.47,0.67,0.58
100,PPIF Promoter Tiling Mutagenesis,chr10:81107031:CTGTT>GCAGC,-13.313394,3.26436672,0.00041466,0.71,-0.94,-1.74,-1.79,1.14,-1.37
101,PPIF Promoter Tiling Mutagenesis,chr10:81107031:CTGTT>GGGAA,-7.8617585,3.66841163,0.01196056,0.77,-0.53,0.95,-0.32,1.07,-1.46
102,PPIF Promoter Tiling Mutagenesis,chr10:81107036:CTCCG>CAGTC,0.91394044,2.63977974,0.6033894,0.62,3.12,0.27,0.91,0.75,2.88
103,PPIF Promoter Tiling Mutagenesis,chr10:81107036:CTCCG>GCAGC,-0.786943,2.57114248,0.64112589,0.66,3.55,-2.36,0.51,0.70,3.33
104,PPIF Promoter Tiling Mutagenesis,chr10:81107036:CTCCG>GGGAA,2.43845493,2.37768995,0.13323502,0.59,-1.08,-2.05,-1.73,1.15,-0.45
105,PPIF Promoter Tiling Mutagenesis,chr10:81107041:GGTCT>CCCTT,-9.5630467,9.77719591,0.14596757,1.11,8.11,-4.44,-0.11,1.83,6.49
106,PPIF Promoter Tiling Mutagenesis,chr10:81107041:GGTCT>GCAGC,-5.831771,5.33317476,0.1124523,-0.69,3.84,-1.36,1.63,0.05,2.91
107,PPIF Promoter Tiling Mutagenesis,chr10:81107041:GGTCT>TCGGT,2.44188634,4.16383475,0.3698332,-0.72,3.48,-0.03,2.28,-0.22,2.45
108,PPIF Promoter Tiling Mutagenesis,chr10:81107046:CTGGG>AACCC,0.81395947,6.21239603,0.8650691,2.05,14.75,-1.64,-0.26,2.73,11.99
109,PPIF Promoter Tiling Mutagenesis,chr10:81107046:CTGGG>CCCTT,1.91599808,4.21104424,0.48707469,3.73,1.28,-0.02,-1.00,3.92,0.90
110,PPIF Promoter Tiling Mutagenesis,chr10:81107046:CTGGG>GCAGC,-0.1016482,4.08014705,0.97374198,2.48,5.75,-0.63,0.34,2.91,4.28
111,PPIF Promoter Tiling Mutagenesis,chr10:81107051:CCTGG>AACCC,1.22950079,1.46053959,0.2015204,0.95,-2.36,1.68,1.08,0.36,-3.05
112,PPIF Promoter Tiling Mutagenesis,chr10:81107051:CCTGG>CAGTC,-9.4181529,5.71843948,0.02898047,1.12,1.32,1.45,1.86,0.38,0.22
113,PPIF Promoter Tiling Mutagenesis,chr10:81107051:CCTGG>GAGGC,1.26671443,1.73670206,0.26325528,1.44,0.70,0.81,0.15,0.33,-1.58
114,PPIF Promoter Tiling Mutagenesis,chr10:81107056:AGGCG>CCCTT,9.66658596,1.94675363,0.0001833,-1.35,-4.43,-1.40,4.37,-1.74,-4.09
115,PPIF Promoter Tiling Mutagenesis,chr10:81107056:AGGCG>CTCAG,3.47029902,1.72248782,0.01537017,-0.52,-2.56,-0.96,2.34,-0.73,-2.76
116,PPIF Promoter Tiling Mutagenesis,chr10:81107056:AGGCG>GAGGC,-9.6890353,4.92363744,0.01675816,1.20,1.39,-1.89,2.38,1.02,1.35
117,PPIF Promoter Tiling Mutagenesis,chr10:81107061:GGAGT>AGCCA,-0.4186991,2.02459425,0.75911808,0.50,-0.21,1.60,1.40,1.63,-0.93
118,PPIF Promoter Tiling Mutagenesis,chr10:81107061:GGAGT>GTGCA,-3.9454648,2.98294263,0.06286262,0.94,1.59,-2.47,1.98,1.90,0.98
119,PPIF Promoter Tiling Mutagenesis,chr10:81107061:GGAGT>TTGGG,-2.6789312,8.52796448,0.63934709,-0.24,-4.05,0.50,2.11,0.11,-4.11
120,PPIF Promoter Tiling Mutagenesis,chr10:81107066:GTTTC>AACCC,-7.0885685,1.21824563,9.61E-05,1.88,-0.95,2.83,3.54,2.18,-1.48
121,PPIF Promoter Tiling Mutagenesis,chr10:81107066:GTTTC>CGCCG,-2.4182114,1.5321273,0.03267999,1.34,-3.15,7.02,3.90,1.58,-3.24
122,PPIF Promoter Tiling Mutagenesis,chr10:81107066:GTTTC>TTGGG,-7.9631063,3.16370836,0.00558282,1.21,-7.59,1.44,-0.40,1.14,-7.29
123,PPIF Promoter Tiling Mutagenesis,chr10:81107071:AAAGC>AGCCA,2.43278492,1.28922949,0.01832231,1.23,-1.81,0.94,3.32,1.37,-2.86
124,PPIF Promoter Tiling Mutagenesis,chr10:81107071:AAAGC>CTCAG,-2.5646999,8.52678842,0.64112589,1.47,0.45,1.26,2.04,1.10,-0.12
125,PPIF Promoter Tiling Mutagenesis,chr10:81107071:AAAGC>GGGAA,-10.478807,8.8170991,0.08880123,0.80,-9.11,3.70,2.35,1.12,-8.34
126,PPIF Promoter Tiling Mutagenesis,chr10:81107076:ACTTC>CTCAG,-15.511658,3.77862438,0.00041466,-1.20,-2.14,1.16,1.72,-1.50,-2.90
127,PPIF Promoter Tiling Mutagenesis,chr10:81107076:ACTTC>GAGGC,-19.406225,3.78591857,0.0001622,0.45,-2.97,-1.00,0.20,0.54,-3.08
128,PPIF Promoter Tiling Mutagenesis,chr10:81107076:ACTTC>TTGGG,-18.542905,2.68814621,6.12E-05,-1.65,-7.28,-1.55,1.00,-1.90,-7.21
129,PPIF Promoter Tiling Mutagenesis,chr10:81107081:ACGCT>CAGTC,-1.8971919,8.08637089,0.72721534,1.76,-1.20,1.63,1.76,1.63,-1.26
130,PPIF Promoter Tiling Mutagenesis,chr10:81107081:ACGCT>CTCAG,9.28103866,1.48146621,8.14E-05,5.65,10.42,1.36,3.92,5.61,9.96
131,PPIF Promoter Tiling Mutagenesis,chr10:81107081:ACGCT>TTGGG,-23.533817,2.73228604,2.49E-05,-2.68,-4.63,-1.74,0.05,-2.94,-4.78
132,PPIF Promoter Tiling Mutagenesis,chr10:81107086:CCGCG>GCAGC,-2.7515186,1.55568807,0.02140493,0.66,2.10,-3.40,-0.73,0.45,1.89
133,PPIF Promoter Tiling Mutagenesis,chr10:81107091:GCCCC>CTCAG,0.62605389,1.2393899,0.44262223,0.05,4.62,4.84,6.05,-0.90,4.16
134,PPIF Promoter Tiling Mutagenesis,chr10:81107091:GCCCC>GGGAA,2.21051388,1.37354547,0.03068271,-0.16,1.52,3.59,5.02,-0.32,0.97
135,PPIF Promoter Tiling Mutagenesis,chr10:81107091:GCCCC>TCGGT,2.64566778,3.17307648,0.20283371,0.29,5.40,5.46,5.77,-0.03,5.05
136,PPIF Promoter Tiling Mutagenesis,chr10:81107096:ACCGG>CAGTC,-0.0900597,2.52971531,0.96885383,0.23,-2.39,-3.22,2.93,0.22,-2.33
137,PPIF Promoter Tiling Mutagenesis,chr10:81107096:ACCGG>GAGGC,-5.2784926,5.16450012,0.13323502,-2.40,-1.37,-0.59,3.32,-2.37,-1.31
138,PPIF Promoter Tiling Mutagenesis,chr10:81107096:ACCGG>GTGCA,-3.2784196,4.08060135,0.21749564,0.86,2.90,-3.15,4.37,0.84,2.85
139,PPIF Promoter Tiling Mutagenesis,chr10:81107101:CTGGC>AACCC,1.69819298,1.25008845,0.05795314,5.76,3.49,6.28,5.47,5.03,2.77
140,PPIF Promoter Tiling Mutagenesis,chr10:81107101:CTGGC>CCCTT,-2.489345,2.46087874,0.13488959,-1.18,-8.17,0.27,2.93,-2.21,-9.62
141,PPIF Promoter Tiling Mutagenesis,chr10:81107101:CTGGC>GGGAA,-0.7899861,8.66463399,0.90534411,-0.47,-3.18,-4.12,-3.83,-1.09,-4.08
142,PPIF Promoter Tiling Mutagenesis,chr10:81107106:TGCGC>CAGTC,-2.1249527,4.90993729,0.50685772,-8.34,-27.74,0.62,-3.19,-7.35,-25.47
143,PPIF Promoter Tiling Mutagenesis,chr10:81107106:TGCGC>CCCTT,8.78284216,14.6263731,0.3698332,-4.16,-28.65,-3.39,-4.96,-3.60,-26.84
144,PPIF Promoter Tiling Mutagenesis,chr10:81107111:TGCCC>GTGCA,7.60213621,6.93491251,0.1124523,4.65,-10.43,-2.36,-6.49,2.25,-10.51
145,PPIF Promoter Tiling Mutagenesis,chr10:81107126:GCAGG>CAGTC,-28.370588,6.6059536,0.00033849,-4.52,-21.09,5.78,-15.35,-4.78,-20.30
146,PPIF Promoter Tiling Mutagenesis,chr10:81107126:GCAGG>CTCAG,-34.771364,9.0223496,0.00056441,-5.12,-16.57,-3.53,-12.67,-5.03,-15.62
147,PPIF Promoter Tiling Mutagenesis,chr10:81107136:TCCAC>CAGTC,4.52832421,9.1590171,0.44818798,2.71,-0.32,3.16,-0.57,2.90,-0.81
148,PPIF Promoter Tiling Mutagenesis,chr10:81107136:TCCAC>GAGGC,2.84524751,4.84547054,0.3698332,0.76,-4.41,1.80,1.30,0.71,-5.19
149,PPIF Promoter Tiling Mutagenesis,chr10:81107151:GGAGG>AGCCA,-16.669994,9.28789855,0.02046414,-3.25,-2.29,-10.16,-5.34,-3.44,-1.88
150,PPIF Promoter Tiling Mutagenesis,chr10:81107151:GGAGG>CTCAG,5.60927469,5.88779089,0.15434359,-2.47,1.08,-4.37,-5.84,-3.55,2.13
151,PPIF Promoter Tiling Mutagenesis,chr10:81107151:GGAGG>TCGGT,15.2424778,5.34828175,0.00296715,0.12,2.26,-0.53,-4.22,-0.37,3.61
152,PPIF Promoter Tiling Mutagenesis,chr10:81107156:AGGCG>CAGTC,-26.765769,6.24891634,0.00033849,-1.28,-2.70,-10.71,-12.93,-0.96,-2.10
153,PPIF Promoter Tiling Mutagenesis,chr10:81107156:AGGCG>CCCTT,-35.446616,5.69297216,8.14E-05,-3.78,-5.86,-18.57,-16.14,-4.09,-4.47
154,PPIF Promoter Tiling Mutagenesis,chr10:81107156:AGGCG>TCGGT,-35.680104,8.24954431,0.00033849,-3.37,-11.09,-16.62,-20.83,-3.85,-10.22
155,PPIF Promoter Tiling Mutagenesis,chr10:81107161:GGACG>GAGGC,-23.976485,5.4411163,0.00033849,0.38,-4.19,7.47,-0.51,0.25,-3.87
156,PPIF Promoter Tiling Mutagenesis,chr10:81107166:GGGGC>AACCC,-8.1969568,0.66108846,4.37E-06,0.12,-1.98,-1.79,6.94,-0.45,-1.67
157,PPIF Promoter Tiling Mutagenesis,chr10:81107166:GGGGC>AGCCA,-22.908339,2.78973203,2.49E-05,0.48,-2.62,2.51,10.14,-0.72,-2.41
158,PPIF Promoter Tiling Mutagenesis,chr10:81107166:GGGGC>CTCAG,-4.1785853,2.26936485,0.01904399,-0.23,-1.73,-2.95,5.56,-0.17,-1.13
159,PPIF Promoter Tiling Mutagenesis,chr10:81107171:AGGGC>CGCCG,-13.000677,4.60324215,0.0030036,2.83,-10.56,-6.84,-11.36,1.32,-11.03
160,PPIF Promoter Tiling Mutagenesis,chr10:81107176:CGGGA>CTCAG,15.0514135,2.54263934,9.61E-05,-0.91,8.77,0.15,10.52,-1.38,8.80
161,PPIF Promoter Tiling Mutagenesis,chr10:81107181:ACCTG>GTGCA,-0.8686682,8.01350622,0.88951471,0.52,3.91,2.24,12.16,-0.08,2.37
162,PPIF Promoter Tiling Mutagenesis,chr10:81107186:GGCAA>CAGTC,-19.450174,10.5461149,0.02990959,1.22,-1.62,8.40,8.01,1.65,-1.55
163,PPIF Promoter Tiling Mutagenesis,chr10:81107196:TAAAG>AACCC,-19.193453,5.9774713,0.00158985,-1.69,-9.78,-18.13,-27.49,-0.55,-8.71
164,PPIF Promoter Tiling Mutagenesis,chr10:81107196:TAAAG>CGCCG,-52.206222,16.944431,0.00195078,-2.59,-10.81,-18.29,-28.04,-2.62,-10.41
165,PPIF Promoter Tiling Mutagenesis,chr10:81107196:TAAAG>GAGGC,-51.729473,10.0830824,0.0001622,-4.22,-7.32,-16.93,-25.42,-3.36,-7.18
166,PPIF Promoter Tiling Mutagenesis,chr10:81107201:GCTGC>AGCCA,23.5096552,4.50776624,0.0001622,1.74,3.07,-0.89,5.38,2.52,2.36
167,PPIF Promoter Tiling Mutagenesis,chr10:81107201:GCTGC>CTCAG,8.03080335,2.45847475,0.00150054,-2.88,-1.64,-13.55,-12.60,-1.98,0.44
168,PPIF Promoter Tiling Mutagenesis,chr10:81107201:GCTGC>TTGGG,-14.667909,7.87766415,0.01902215,1.62,-11.88,-19.90,-23.95,3.97,-9.20
169,PPIF Promoter Tiling Mutagenesis,chr10:81107206:GGCGC>CAGTC,-8.6166338,4.75842718,0.02011064,-2.20,5.49,-14.62,-9.12,-3.11,3.77
170,PPIF Promoter Tiling Mutagenesis,chr10:81107206:GGCGC>GTGCA,-24.188306,11.5582486,0.01308051,-2.07,3.78,-14.00,-13.66,-2.13,3.26
171,PPIF Promoter Tiling Mutagenesis,chr10:81107206:GGCGC>TCGGT,-4.7801572,9.25193051,0.43624308,2.88,10.34,-14.05,-9.13,2.59,9.82
172,PPIF Promoter Tiling Mutagenesis,chr10:81107221:GGGAC>CCCTT,9.22585491,10.2703175,0.17441172,-5.60,-1.62,-0.36,1.61,-4.11,-4.61
173,PPIF Promoter Tiling Mutagenesis,chr10:81107221:GGGAC>CGCCG,-2.930992,7.05495909,0.52106334,-6.03,-6.72,2.03,-4.27,-7.14,-7.20
174,PPIF Promoter Tiling Mutagenesis,chr10:81107221:GGGAC>TCGGT,-26.196525,11.7254416,0.00994706,-2.95,-1.17,-2.82,1.52,-0.92,-1.71
175,PPIF Promoter Tiling Mutagenesis,chr10:81107226:TCGGC>AACCC,16.289353,8.82334779,0.01904399,1.69,14.77,-5.83,-1.16,1.12,14.86
176,PPIF Promoter Tiling Mutagenesis,chr10:81107226:TCGGC>AGCCA,0.00988994,8.72049663,0.99828845,1.87,0.79,-2.75,7.34,1.68,0.88
177,PPIF Promoter Tiling Mutagenesis,chr10:81107231:CTTCT>AACCC,-6.7234768,4.83201977,0.05389899,-1.55,-3.41,-7.65,-5.73,-2.65,-4.22
178,PPIF Promoter Tiling Mutagenesis,chr10:81107231:CTTCT>GCAGC,9.84421494,10.7827744,0.17007687,-19.76,-16.80,-1.95,-5.03,-22.30,-16.75
179,PPIF Promoter Tiling Mutagenesis,chr10:81107236:GGGCG>CCCTT,-13.579949,2.8648206,0.00022935,2.22,0.44,-8.19,-1.37,1.93,0.35
180,PPIF Promoter Tiling Mutagenesis,chr10:81107236:GGGCG>CTCAG,-4.3130257,2.24155005,0.0171292,0.22,1.32,-8.99,-3.23,-0.44,1.39
181,PPIF Promoter 8mer Insertion,chr10:81107165:G>GAACGGAGC,8.78838681,1.78341196,0.00011739,-1.71,4.93,4.04,13.76,-2.13,4.58
182,PPIF Promoter 8mer Insertion,chr10:81107165:G>GAAGATGGC,-18.81914,1.71015526,1.35E-08,2.85,5.39,6.38,2.15,2.06,3.99
183,PPIF Promoter 8mer Insertion,chr10:81107165:G>GAAGTAGGC,-2.38242,1.33566869,0.00697134,-0.66,20.08,17.12,10.89,-0.38,19.64
184,PPIF Promoter 8mer Insertion,chr10:81107165:G>GACAGTCAT,5.11045442,2.86650616,0.00697134,-1.75,22.23,1.40,8.03,-2.53,21.08
185,PPIF Promoter 8mer Insertion,chr10:81107165:G>GACCATCCA,2.35196111,0.60008405,4.36E-05,-1.29,8.92,-6.82,-3.57,-2.37,8.40
186,PPIF Promoter 8mer Insertion,chr10:81107165:G>GACCATGGA,3.16365166,0.92343611,0.00011739,-0.41,11.18,-9.68,-0.87,-2.55,9.22
187,PPIF Promoter 8mer Insertion,chr10:81107165:G>GACCGCTAG,3.2625868,1.06409429,0.00023254,4.08,7.77,20.39,-9.86,4.55,9.89
188,PPIF Promoter 8mer Insertion,chr10:81107165:G>GACCGGAAG,3.86499689,1.15530813,0.00013152,4.22,14.33,38.11,16.72,4.85,12.82
189,PPIF Promoter 8mer Insertion,chr10:81107165:G>GACTTAAGA,3.14838771,1.76525264,0.00697134,-1.83,18.13,5.98,8.16,-1.75,16.92
190,PPIF Promoter 8mer Insertion,chr10:81107165:G>GAGAGAGCC,-0.5877387,1.56263881,0.48989303,-3.38,5.53,0.05,8.62,-4.15,4.48
191,PPIF Promoter 8mer Insertion,chr10:81107165:G>GAGATAAGA,-3.5169157,1.46246869,0.00130046,-7.26,11.34,4.26,4.03,-6.10,9.65
192,PPIF Promoter 8mer Insertion,chr10:81107165:G>GAGCACCAT,1.6006086,0.78446544,0.00369263,-1.67,14.60,-8.72,1.77,-3.53,12.09
193,PPIF Promoter 8mer Insertion,chr10:81107165:G>GAGCGCTAA,6.28198123,1.05176279,1.51E-06,-1.92,17.23,13.81,21.11,-2.08,15.10
194,PPIF Promoter 8mer Insertion,chr10:81107165:G>GAGTCAGAT,7.14747794,1.82683728,4.36E-05,-1.76,20.11,6.07,3.96,-2.36,19.51
195,PPIF Promoter 8mer Insertion,chr10:81107165:G>GATACAGCG,7.2163188,2.45612793,0.00031261,-2.20,14.50,2.34,9.67,-2.34,12.48
196,PPIF Promoter 8mer Insertion,chr10:81107165:G>GCAGCTAGT,3.51016843,3.17483369,0.05982579,-2.11,10.38,-6.55,3.60,-3.36,8.11
197,PPIF Promoter 8mer Insertion,chr10:81107165:G>GCAGGAAGT,11.8199572,2.02045978,1.67E-06,7.92,15.54,16.61,13.95,9.97,13.45
198,PPIF Promoter 8mer Insertion,chr10:81107165:G>GCCAATCAG,2.28879788,0.66803917,0.00011739,-0.44,16.19,7.99,20.62,-1.30,16.33
199,PPIF Promoter 8mer Insertion,chr10:81107165:G>GCCACCAGC,-2.0887897,0.94207589,0.00220673,-2.28,6.84,-6.19,5.65,-3.89,5.48
200,PPIF Promoter 8mer Insertion,chr10:81107165:G>GCCACGTGC,-16.169197,1.8322434,7.24E-08,-3.66,17.84,-6.69,1.57,-4.32,17.32
201,PPIF Promoter 8mer Insertion,chr10:81107165:G>GCCCCAAGT,-1.5775087,0.87696747,0.00697134,-3.06,7.98,-11.68,2.77,-4.94,7.00
202,PPIF Promoter 8mer Insertion,chr10:81107165:G>GCCGGAAGT,10.468733,0.97606206,1.35E-08,8.89,13.55,42.26,26.16,9.53,11.29
203,PPIF Promoter 8mer Insertion,chr10:81107165:G>GCCTTTCAG,1.64599905,1.0328277,0.01230825,-1.47,13.24,-1.47,5.88,-1.67,11.74
204,PPIF Promoter 8mer Insertion,chr10:81107165:G>GCGCTCGGC,-3.196937,2.27506812,0.02252906,-0.42,-1.85,-0.09,2.45,-2.03,-2.16
205,PPIF Promoter 8mer Insertion,chr10:81107165:G>GCTGTGAAT,1.87988798,0.97515608,0.00510537,-1.66,12.53,-7.00,-0.27,-2.46,10.08
206,PPIF Promoter 8mer Insertion,chr10:81107165:G>GGAAGCTTT,7.33201087,2.29159553,0.00017236,2.79,14.00,10.24,8.49,2.17,11.71
207,PPIF Promoter 8mer Insertion,chr10:81107165:G>GGAGAAAAT,-33.25509,5.52654606,1.51E-06,0.45,7.69,-3.57,-7.03,0.24,5.74
208,PPIF Promoter 8mer Insertion,chr10:81107165:G>GGAGCTAGT,0.26951925,2.04940992,0.80181826,-0.61,9.86,-1.83,6.54,-3.09,8.34
209,PPIF Promoter 8mer Insertion,chr10:81107165:G>GGAGCTGAC,4.50478395,1.39034174,0.00016295,-0.22,10.81,0.59,10.39,-1.78,8.97
210,PPIF Promoter 8mer Insertion,chr10:81107165:G>GGAGGAAGT,8.67560109,1.37958065,1.16E-06,6.80,16.14,10.39,16.23,7.44,14.07
211,PPIF Promoter 8mer Insertion,chr10:81107165:G>GGCATATGC,-15.212828,1.30848706,1.22E-08,-1.01,8.58,-1.84,-0.11,-2.62,6.50
212,PPIF Promoter 8mer Insertion,chr10:81107165:G>GGCGCATGC,,2.5857305,1.21E-07,3.25,7.11,23.19,3.95,2.12,4.71
213,PPIF Promoter 8mer Insertion,chr10:81107165:G>GGGCGCTCC,-6.0196742,0.89127179,6.76E-07,-2.91,-1.08,-3.24,2.12,-4.68,-1.71
214,PPIF Promoter 8mer Insertion,chr10:81107165:G>GGGCTCACC,-10.259703,0.74848177,4.84E-09,-2.95,-0.46,-9.87,-9.28,-5.14,-1.80
215,PPIF Promoter 8mer Insertion,chr10:81107165:G>GGTACATGA,2.79861488,1.52920779,0.00676997,-1.63,16.94,-8.94,-1.88,-2.66,14.10
216,PPIF Promoter 8mer Insertion,chr10:81107165:G>GGTAGGAGA,1.91485532,1.18700254,0.01186309,-1.92,11.46,-7.58,5.14,-2.87,8.97
217,PPIF Promoter 8mer Insertion,chr10:81107165:G>GGTGAGAGA,1.39768115,1.37920536,0.07893768,-1.41,11.71,-7.97,-1.47,-2.60,9.53
218,PPIF Promoter 8mer Insertion,chr10:81107165:G>GTACAGGAG,5.75191516,1.12228427,4.81E-06,-1.53,17.13,2.95,1.83,-1.22,15.15
219,PPIF Promoter 8mer Insertion,chr10:81107165:G>GTGAGTCAT,6.2369125,2.33755777,0.00063066,2.87,40.20,21.43,15.43,2.90,40.19
220,PPIF Promoter 8mer Insertion,chr10:81107165:G>GTGCAGGAA,8.41000295,1.76757556,8.79E-06,4.06,19.52,8.96,10.91,5.02,17.10
221,PPIF Promoter 8mer Insertion,chr10:81107165:G>GTGCGCGAA,6.8718918,1.22908613,2.33E-06,0.56,15.97,9.69,11.61,-0.03,14.14